date,Steps Per day,ID
2017-08-30 ,490,1
2017-08-31 ,1812,2
2017-09-01 ,7455,3
2017-09-02 ,15738,4
2017-09-03 ,18747,5
2017-09-04 ,12787,6
2017-09-05 ,9065,7
2017-09-06 ,13045,8
2017-09-07 ,11988,9
2017-09-08 ,17972,10
2017-09-09 ,12302,11
2017-09-10 ,11300,12
2017-09-11 ,18767,13
2017-09-12 ,16855,14
2017-09-13 ,11394,15
2017-09-14 ,12024,16
2017-09-15 ,11472,17
2017-09-16 ,7116,18
2017-09-17 ,9111,19
2017-09-18 ,18208,20
2017-09-19 ,16171,21
2017-09-20 ,13184,22
2017-09-21 ,11728,23
2017-09-22 ,9016,24
2017-09-23 ,8002,25
2017-09-24 ,10757,26
2017-09-25 ,13742,27
2017-09-26 ,11306,28
2017-09-27 ,12816,29
2017-09-28 ,12407,30
2017-09-29 ,13561,31
2017-09-30 ,11509,32
2017-10-01 ,10080,33
2017-10-02 ,7869,34
2017-10-03 ,12038,35
2017-10-04 ,12978,36
2017-10-05 ,9151,37
2017-10-06 ,20084,38
2017-10-07 ,12981,39
2017-10-08 ,8876,40
2017-10-09 ,11207,41
2017-10-10 ,11434,42
2017-10-11 ,9713,43
2017-10-12 ,9361,44
2017-10-13 ,8933,45
2017-10-14 ,18829,46
2017-10-15 ,13439,47
2017-10-16 ,6768,48
2017-10-17 ,9309,49
2017-10-18 ,10809,50
2017-10-19 ,14100,51
2017-10-20 ,8934,52
2017-10-21 ,13553,53
2017-10-22 ,14892,54
2017-10-23 ,10633,55
2017-10-24 ,8443,56
2017-10-25 ,15469,57
2017-10-26 ,7272,58
2017-10-27 ,10971,59
2017-10-28 ,393,60
2017-10-29 ,3081,61
2017-10-30 ,11256,62
2017-10-31 ,16317,63
2017-11-01 ,13075,64
2017-11-02 ,14139,65
2017-11-03 ,10250,66
2017-11-04 ,17386,67
2017-11-05 ,6182,68
2017-11-06 ,19157,69
2017-11-07 ,15292,70
2017-11-08 ,11756,71
2017-11-09 ,10006,72
2017-11-10 ,14802,73
2017-11-11 ,49,74
2017-11-12 ,20867,75
2017-11-13 ,13994,76
2017-11-14 ,10904,77
2017-11-15 ,10898,78
2017-11-16 ,10952,79
2017-11-17 ,13418,80
2017-11-18 ,14727,81
2017-11-19 ,9802,82
2017-11-20 ,10693,83
2017-11-21 ,16424,84
2017-11-22 ,7914,85
2017-11-23 ,8494,86
2017-11-24 ,11078,87
2017-11-25 ,21608,88
2017-11-26 ,9689,89
2017-11-27 ,11495,90
2017-11-28 ,20470,91
2017-11-29 ,12889,92
2017-11-30 ,15106,93
2017-12-01 ,18396,94
2017-12-02 ,14080,95
2017-12-03 ,10835,96
2017-12-04 ,13864,97
2017-12-05 ,16145,98
2017-12-06 ,11346,99
2017-12-07 ,13132,100
2017-12-08 ,11886,101
2017-12-09 ,10760,102
2017-12-10 ,13810,103
2017-12-11 ,9240,104
2017-12-12 ,10658,105
2017-12-13 ,10364,106
2017-12-14 ,13338,107
2017-12-15 ,9184,108
2017-12-16 ,13331,109
2017-12-17 ,1724,110
2017-12-18 ,4773,111
2017-12-19 ,7261,112
2017-12-20 ,8583,113
2017-12-21 ,11650,114
2017-12-22 ,4777,115
2017-12-23 ,6350,116
2017-12-24 ,4323,117
2017-12-25 ,2626,118
2017-12-26 ,16916,119
2017-12-27 ,4299,120
2017-12-28 ,6046,121
2017-12-29 ,4818,122
2017-12-30 ,8725,123
2017-12-31 ,11851,124
2018-01-01 ,7917,125
2018-01-02 ,7880,126
2018-01-03 ,10047,127
2018-01-04 ,15276,128
2018-01-05 ,1991,129
2018-01-06 ,6254,130
2018-01-07 ,3484,131
2018-01-08 ,6641,132
2018-01-09 ,8211,133
2018-01-10 ,8291,134
2018-01-11 ,4245,135
2018-01-12 ,17826,136
2018-01-13 ,73,137
2018-01-16 ,54809,138
2018-01-17 ,17319,139
2018-01-18 ,17864,140
2018-01-19 ,14023,141
2018-01-20 ,12917,142
2018-01-21 ,16018,143
2018-01-22 ,15251,144
2018-01-26 ,63877,145
2018-01-27 ,3741,146
2018-01-28 ,5086,147
2018-01-29 ,6210,148
2018-01-30 ,10514,149
2018-01-31 ,6164,150
2018-02-01 ,4904,151
2018-02-02 ,10508,152
2018-02-03 ,4204,153
2018-02-04 ,5299,154
2018-02-05 ,2421,155
2018-02-06 ,6329,156
2018-02-07 ,5649,157
2018-02-08 ,6303,158
2018-02-09 ,14288,159
2018-02-10 ,2899,160
2018-02-11 ,6013,161
2018-02-12 ,3163,162
2018-02-13 ,15196,163
2018-02-14 ,2738,164
2018-02-15 ,4564,165
2018-02-16 ,8837,166
2018-02-17 ,6042,167
2018-02-18 ,4729,168
2018-02-19 ,7616,169
2018-02-20 ,4437,170
2018-02-21 ,6175,171
2018-02-22 ,7161,172
2018-02-23 ,11096,173
2018-02-24 ,2863,174
2018-02-25 ,6939,175
2018-02-26 ,4151,176
2018-02-27 ,1499,177
2018-02-28 ,5838,178
2018-03-01 ,5771,179
2018-03-02 ,7137,180
2018-03-03 ,3147,181
2018-03-04 ,1923,182
2018-03-05 ,5417,183
2018-03-06 ,3060,184
2018-03-07 ,5152,185
2018-03-08 ,8565,186
2018-03-09 ,3635,187
2018-03-10 ,8306,188
2018-03-11 ,3680,189
2018-03-12 ,4749,190
2018-03-13 ,8337,191
2018-03-14 ,5786,192
2018-03-15 ,5550,193
2018-03-16 ,13836,194
2018-03-17 ,4826,195
2018-03-18 ,8576,196
2018-03-19 ,2049,197
2018-03-20 ,4261,198
2018-03-21 ,7929,199
2018-03-22 ,5150,200
2018-03-23 ,13227,201
2018-03-24 ,3827,202
2018-03-25 ,3676,203
2018-03-26 ,4075,204
2018-03-27 ,4588,205
2018-03-28 ,5315,206
2018-03-29 ,6753,207
2018-03-30 ,9191,208
2018-03-31 ,5873,209
2018-04-01 ,4184,210
2018-04-02 ,12541,211
2018-04-03 ,3443,212
2018-04-04 ,2753,213
2018-04-05 ,5406,214
2018-04-06 ,3947,215
2018-04-07 ,8506,216
2018-04-08 ,6170,217
2018-04-09 ,4044,218
2018-04-10 ,5889,219
2018-04-11 ,11889,220
2018-04-12 ,16449,221
2018-04-13 ,14690,222
2018-04-14 ,18309,223
2018-04-15 ,14487,224
2018-04-16 ,5754,225
2018-04-17 ,10677,226
2018-04-18 ,8750,227
2018-04-19 ,10592,228
2018-04-20 ,16214,229
2018-04-21 ,8358,230
2018-04-22 ,9339,231
2018-04-23 ,14375,232
2018-04-24 ,9724,233
2018-04-25 ,4393,234
2018-04-26 ,3604,235
2018-04-27 ,8829,236
2018-04-28 ,5023,237
2018-04-29 ,9495,238
2018-04-30 ,5829,239
2018-05-01 ,5732,240
2018-05-02 ,3510,241
2018-05-03 ,2645,242
2018-05-04 ,5988,243
2018-05-05 ,4448,244
2018-05-06 ,8592,245
2018-05-07 ,4878,246
2018-05-08 ,1249,247
2018-05-09 ,4533,248
2018-05-10 ,3698,249
2018-05-11 ,3417,250
2018-05-12 ,6264,251
2018-05-13 ,3297,252
2018-05-14 ,6298,253
2018-05-15 ,2257,254
2018-05-16 ,4569,255
2018-05-17 ,3348,256
2018-05-18 ,11777,257
2018-05-19 ,4119,258
2018-05-20 ,4611,259
2018-05-21 ,6024,260
2018-05-22 ,4777,261
2018-05-23 ,2785,262
2018-05-24 ,6010,263
2018-05-25 ,6939,264
2018-05-26 ,4106,265
2018-05-27 ,5988,266
2018-05-28 ,3296,267
2018-05-29 ,5104,268
2018-05-30 ,3883,269
2018-05-31 ,13982,270
2018-06-01 ,2054,271
2018-06-02 ,5150,272
2018-06-03 ,8427,273
2018-06-04 ,7856,274
2018-06-05 ,5936,275
2018-06-06 ,11717,276
2018-06-07 ,6579,277
2018-06-08 ,13606,278
2018-06-09 ,6101,279
2018-06-10 ,8344,280
2018-06-11 ,12583,281
2018-06-12 ,6201,282
2018-06-13 ,6719,283
2018-06-14 ,9048,284
2018-06-15 ,8278,285
2018-06-16 ,11103,286
2018-06-17 ,13101,287
2018-06-18 ,7485,288
2018-06-19 ,5321,289
2018-06-20 ,5914,290
2018-06-21 ,6358,291
2018-06-22 ,8492,292
2018-06-23 ,19698,293
2018-06-24 ,4937,294
2018-06-25 ,9261,295
2018-06-26 ,15813,296
2018-06-27 ,17035,297
2018-06-28 ,4213,298
2018-06-29 ,4864,299
2018-06-30 ,8565,300
2018-07-01 ,12855,301
2018-07-02 ,13376,302
2018-07-03 ,14792,303
2018-07-04 ,4559,304
2018-07-05 ,31349,305
2018-07-06 ,15226,306
2018-07-07 ,14123,307
2018-07-08 ,7182,308
2018-07-09 ,13291,309
2018-07-10 ,11426,310
2018-07-11 ,12370,311
2018-07-12 ,18925,312
2018-07-13 ,3247,313
2018-07-14 ,9417,314
2018-07-15 ,6627,315
2018-07-16 ,11284,316
2018-07-17 ,10405,317
2018-07-18 ,9096,318
2018-07-19 ,13450,319
2018-07-20 ,13661,320
2018-07-21 ,11724,321
2018-07-22 ,3933,322
2018-07-23 ,9659,323
2018-07-24 ,19385,324
2018-07-25 ,10497,325
2018-07-26 ,10619,326
2018-07-27 ,17821,327
2018-07-28 ,12162,328
2018-07-29 ,9286,329
2018-07-30 ,14501,330
2018-07-31 ,13447,331
2018-08-01 ,9183,332
2018-08-02 ,9889,333
2018-08-03 ,7421,334
2018-08-04 ,5388,335
2018-08-05 ,6110,336
2018-08-06 ,10595,337
2018-08-07 ,7974,338
2018-08-08 ,9614,339
2018-08-09 ,10515,340
2018-08-10 ,6186,341
2018-08-11 ,4241,342
2018-08-12 ,7226,343
2018-08-13 ,10851,344
2018-08-14 ,12939,345
2018-08-15 ,8847,346
2018-08-16 ,16188,347
2018-08-17 ,8787,348
2018-08-18 ,11046,349
2018-08-19 ,4901,350
2018-08-20 ,10876,351
2018-08-21 ,14457,352
2018-08-22 ,8202,353
2018-08-23 ,7132,354
2018-08-24 ,2834,355
2018-08-25 ,6617,356
2018-08-26 ,6121,357
2018-08-27 ,2783,358
2018-08-28 ,7681,359
2018-08-29 ,7877,360
2018-08-30 ,14614,361
2018-08-31 ,8887,362
2018-09-01 ,18822,363
2018-09-02 ,12199,364
2018-09-03 ,19291,365
2018-09-04 ,10037,366
2018-09-05 ,16879,367
2018-09-06 ,12796,368
2018-09-07 ,11054,369
2018-09-08 ,9003,370
2018-09-09 ,11211,371
2018-09-10 ,11948,372
2018-09-11 ,7633,373
2018-09-12 ,9658,374
2018-09-13 ,8840,375
2018-09-14 ,7469,376
2018-09-15 ,17484,377
2018-09-16 ,10070,378
2018-09-17 ,12889,379
2018-09-18 ,9983,380
2018-09-19 ,8990,381
2018-09-20 ,8474,382
2018-09-21 ,10778,383
2018-09-22 ,9607,384
2018-09-23 ,5186,385
2018-09-24 ,11791,386
2018-09-25 ,7825,387
2018-09-26 ,8565,388
2018-09-27 ,8900,389
2018-09-28 ,5820,390
2018-09-29 ,14142,391
2018-09-30 ,4785,392
2018-10-01 ,6962,393
2018-10-02 ,9718,394
2018-10-03 ,7265,395
2018-10-04 ,8886,396
2018-10-05 ,7792,397
2018-10-06 ,5693,398
2018-10-07 ,9233,399
2018-10-08 ,10414,400
2018-10-09 ,10679,401
2018-10-10 ,9762,402
2018-10-11 ,8861,403
2018-10-12 ,10318,404
2018-10-13 ,12449,405
2018-10-14 ,7250,406
2018-10-15 ,12556,407
2018-10-16 ,9303,408
2018-10-17 ,10042,409
2018-10-18 ,9942,410
2018-10-19 ,12079,411
2018-10-20 ,9932,412
2018-10-21 ,11774,413
2018-10-22 ,7213,414
2018-10-23 ,9989,415
2018-10-24 ,8573,416
2018-10-25 ,7460,417
2018-10-26 ,7635,418
2018-10-27 ,8173,419
2018-10-28 ,7820,420
2018-10-29 ,6923,421
2018-10-30 ,11102,422
2018-10-31 ,10547,423
2018-11-01 ,9253,424
2018-11-02 ,6455,425
2018-11-03 ,7214,426
2018-11-04 ,6852,427
2018-11-05 ,10756,428
2018-11-06 ,9664,429
2018-11-07 ,7888,430
2018-11-08 ,10176,431
2018-11-09 ,10671,432
2018-11-10 ,12189,433
2018-11-11 ,5991,434
2018-11-12 ,5387,435
2018-11-13 ,7924,436
2018-11-14 ,6091,437
2018-11-15 ,10955,438
2018-11-16 ,11124,439
2018-11-17 ,8554,440
2018-11-18 ,4751,441
2018-11-19 ,9062,442
2018-11-20 ,2700,443
2018-11-21 ,4734,444
2018-11-22 ,5189,445
2018-11-23 ,7702,446
2018-11-24 ,3772,447
2018-11-25 ,8976,448
2018-11-26 ,9894,449
2018-11-27 ,9150,450
2018-11-28 ,10329,451
2018-11-29 ,8813,452
2018-11-30 ,6899,453
2018-12-01 ,8208,454
2018-12-02 ,6929,455
2018-12-03 ,6839,456
2018-12-04 ,8368,457
2018-12-05 ,6574,458
2018-12-06 ,9416,459
2018-12-07 ,10130,460
2018-12-08 ,10740,461
2018-12-09 ,3068,462
2018-12-10 ,5183,463
2018-12-11 ,5010,464
2018-12-12 ,7387,465
2018-12-13 ,9692,466
2018-12-14 ,8882,467
2018-12-15 ,2009,468
2018-12-16 ,5076,469
2018-12-17 ,6618,470
2018-12-18 ,5458,471
2018-12-19 ,6048,472
2018-12-20 ,5990,473
2018-12-21 ,6886,474
2018-12-22 ,3336,475
2018-12-23 ,6538,476
2018-12-24 ,3531,477
2018-12-25 ,1964,478
2018-12-26 ,3290,479
2018-12-27 ,7281,480
2018-12-28 ,6340,481
2018-12-29 ,6322,482
2018-12-30 ,8615,483
2018-12-31 ,5887,484
2019-01-01 ,5757,485
2019-01-02 ,11165,486
2019-01-03 ,10019,487
2019-01-04 ,14446,488
2019-01-05 ,8533,489
2019-01-06 ,11077,490
2019-01-07 ,6471,491
2019-01-08 ,10353,492
2019-01-09 ,9938,493
2019-01-10 ,7177,494
2019-01-11 ,4406,495
2019-01-12 ,19229,496
2019-01-13 ,9485,497
2019-01-14 ,9412,498
2019-01-15 ,5944,499
2019-01-16 ,3625,500
2019-01-17 ,4399,501
2019-01-18 ,7319,502
2019-01-19 ,17318,503
2019-01-20 ,1678,504
2019-01-21 ,8140,505
2019-01-22 ,5746,506
2019-01-23 ,10031,507
2019-01-24 ,5881,508
2019-01-25 ,8790,509
2019-01-26 ,3794,510
2019-01-27 ,3934,511
2019-01-28 ,4340,512
2019-01-29 ,9209,513
2019-01-30 ,5370,514
2019-01-31 ,7469,515
2019-02-01 ,5461,516
2019-02-02 ,7938,517
2019-02-03 ,12031,518
2019-02-04 ,4801,519
2019-02-05 ,4980,520
2019-02-06 ,5026,521
2019-02-07 ,5259,522
2019-02-08 ,4598,523
2019-02-09 ,12450,524
2019-02-10 ,7247,525
2019-02-11 ,7075,526
2019-02-12 ,7809,527
2019-02-13 ,5429,528
2019-02-14 ,6434,529
2019-02-15 ,12445,530
2019-02-16 ,13515,531
2019-02-17 ,10583,532
2019-02-18 ,4469,533
2019-02-19 ,9181,534
2019-02-20 ,7233,535
2019-02-21 ,6940,536
2019-02-22 ,7477,537
2019-02-23 ,15270,538
2019-02-24 ,13157,539
2019-02-25 ,8429,540
2019-02-26 ,13888,541
2019-02-27 ,8982,542
2019-02-28 ,7757,543
2019-03-01 ,8714,544
2019-03-02 ,10800,545
2019-03-03 ,19901,546
2019-03-04 ,6856,547
2019-03-05 ,9749,548
2019-03-06 ,6052,549
2019-03-07 ,9885,550
2019-03-08 ,7922,551
2019-03-09 ,22412,552
2019-03-10 ,12953,553
2019-03-11 ,11011,554
2019-03-12 ,13841,555
2019-03-13 ,9711,556
2019-03-14 ,14052,557
2019-03-15 ,8577,558
2019-03-16 ,8527,559
2019-03-17 ,12346,560
2019-03-18 ,6395,561
2019-03-19 ,7404,562
2019-03-20 ,6267,563
2019-03-21 ,8338,564
2019-03-22 ,7760,565
2019-03-23 ,7079,566
2019-03-24 ,9740,567
2019-03-25 ,5539,568
2019-03-26 ,8555,569
2019-03-27 ,10556,570
2019-03-28 ,7167,571
2019-03-29 ,8540,572
2019-03-30 ,10440,573
2019-03-31 ,13182,574
2019-04-01 ,9866,575
2019-04-02 ,9486,576
2019-04-03 ,9749,577
2019-04-04 ,16332,578
2019-04-05 ,13877,579
2019-04-06 ,11539,580
2019-04-07 ,15756,581
2019-04-08 ,6444,582
2019-04-09 ,10429,583
2019-04-10 ,7615,584
2019-04-11 ,9672,585
2019-04-12 ,14601,586
2019-04-13 ,16692,587
2019-04-14 ,12983,588
2019-04-15 ,10102,589
2019-04-16 ,8921,590
2019-04-17 ,7248,591
2019-04-18 ,4680,592
2019-04-19 ,14161,593
2019-04-20 ,12284,594
2019-04-21 ,4885,595
2019-04-22 ,8343,596
2019-04-23 ,9079,597
2019-04-24 ,10785,598
2019-04-25 ,14078,599
2019-04-26 ,12241,600
2019-04-27 ,7352,601
2019-04-28 ,14935,602
2019-04-29 ,8808,603
2019-04-30 ,8052,604
2019-05-01 ,9742,605
2019-05-02 ,11049,606
2019-05-03 ,14328,607
2019-05-04 ,17373,608
2019-05-05 ,15141,609
2019-05-06 ,10572,610
2019-05-07 ,11914,611
2019-05-08 ,10339,612
2019-05-09 ,11915,613
2019-05-10 ,14015,614
2019-05-11 ,16683,615
2019-05-12 ,6401,616
2019-05-13 ,7383,617
2019-05-14 ,8860,618
2019-05-15 ,10169,619
2019-05-16 ,10637,620
2019-05-17 ,6610,621
2019-05-18 ,6526,622
2019-05-19 ,14566,623
2019-05-20 ,5996,624
2019-05-21 ,11508,625
2019-05-22 ,6011,626
2019-05-23 ,12582,627
2019-05-24 ,12569,628
2019-05-25 ,19947,629
2019-05-26 ,25828,630
2019-05-27 ,8342,631
2019-05-28 ,4580,632
2019-05-29 ,8341,633
2019-05-30 ,4732,634
2019-05-31 ,9717,635
2019-06-01 ,6593,636
2019-06-02 ,11776,637
2019-06-03 ,6391,638
2019-06-04 ,6624,639
2019-06-05 ,6668,640
2019-06-06 ,9980,641
2019-06-07 ,15430,642
2019-06-08 ,18303,643
2019-06-09 ,13756,644
2019-06-10 ,11182,645
2019-06-11 ,11234,646
2019-06-12 ,16237,647
2019-06-13 ,17315,648
2019-06-14 ,11988,649
2019-06-15 ,13064,650
2019-06-16 ,7222,651
2019-06-17 ,12313,652
2019-06-18 ,11806,653
2019-06-19 ,5165,654
2019-06-20 ,7127,655
2019-06-21 ,10106,656
2019-06-22 ,5187,657
2019-06-23 ,7865,658
2019-06-24 ,6061,659
2019-06-25 ,3775,660
2019-06-26 ,5483,661
2019-06-27 ,12462,662
2019-06-28 ,5325,663
2019-06-29 ,5755,664
2019-06-30 ,3788,665
2019-07-01 ,10472,666
2019-07-02 ,8206,667
2019-07-03 ,12882,668
2019-07-04 ,9278,669
2019-07-05 ,10640,670
2019-07-06 ,10628,671
2019-07-07 ,11977,672
2019-07-08 ,10849,673
2019-07-09 ,9618,674
2019-07-10 ,11897,675
2019-07-11 ,7817,676
2019-07-12 ,11319,677
2019-07-13 ,10579,678
2019-07-14 ,11185,679
2019-07-15 ,9754,680
2019-07-16 ,6358,681
2019-07-17 ,11070,682
2019-07-18 ,8875,683
2019-07-19 ,11610,684
2019-07-20 ,11225,685
2019-07-21 ,10230,686
2019-07-22 ,9358,687
2019-07-23 ,10087,688
2019-07-24 ,10564,689
2019-07-25 ,10344,690
2019-07-26 ,10496,691
2019-07-27 ,19074,692
2019-07-28 ,11694,693
2019-07-29 ,18418,694
2019-07-30 ,14316,695
2019-07-31 ,8535,696
2019-08-01 ,12755,697
2019-08-02 ,14928,698
2019-08-03 ,15978,699
2019-08-04 ,8050,700
2019-08-05 ,10594,701
2019-08-06 ,8074,702
2019-08-07 ,9286,703
2019-08-08 ,7166,704
2019-08-09 ,9091,705
2019-08-10 ,5636,706
2019-08-11 ,17496,707
2019-08-12 ,6731,708
2019-08-13 ,9600,709
2019-08-14 ,11641,710
2019-08-15 ,6437,711
2019-08-16 ,8930,712
2019-08-17 ,6765,713
2019-08-18 ,5170,714
2019-08-19 ,3197,715
2019-08-20 ,7416,716
2019-08-21 ,8134,717
2019-08-22 ,7833,718
2019-08-23 ,2265,719
2019-08-24 ,8569,720
2019-08-25 ,10109,721
2019-08-26 ,7576,722
2019-08-27 ,14757,723
2019-08-28 ,4310,724
2019-08-29 ,8512,725
2019-08-30 ,6467,726
2019-08-31 ,17654,727
2019-09-01 ,15336,728
2019-09-02 ,7281,729
2019-09-03 ,14217,730
2019-09-04 ,10769,731
2019-09-05 ,18330,732
2019-09-06 ,10708,733
2019-09-07 ,12514,734
2019-09-08 ,6777,735
2019-09-09 ,10483,736
2019-09-10 ,9584,737
2019-09-11 ,10320,738
2019-09-12 ,9414,739
2019-09-13 ,9481,740
2019-09-14 ,16232,741
2019-09-15 ,8904,742
2019-09-16 ,13501,743
2019-09-17 ,11807,744
2019-09-18 ,9822,745
2019-09-19 ,10311,746
2019-09-20 ,13295,747
2019-09-21 ,7966,748
2019-09-22 ,5980,749
2019-09-23 ,9996,750
2019-09-24 ,11470,751
2019-09-25 ,8319,752
2019-09-26 ,11074,753
2019-09-27 ,8941,754
2019-09-28 ,15962,755
2019-09-29 ,4941,756
2019-09-30 ,7014,757
2019-10-01 ,5421,758
2019-10-02 ,7589,759
2019-10-03 ,8853,760
2019-10-04 ,9481,761
2019-10-05 ,6534,762
2019-10-06 ,7056,763
2019-10-07 ,11376,764
2019-10-08 ,8759,765
2019-10-09 ,10210,766
2019-10-10 ,8412,767
2019-10-11 ,8366,768
2019-10-12 ,6905,769
2019-10-13 ,9189,770
2019-10-14 ,15964,771
2019-10-15 ,7873,772
2019-10-16 ,10165,773
2019-10-17 ,10075,774
2019-10-18 ,9336,775
2019-10-19 ,14789,776
2019-10-20 ,12924,777
2019-10-21 ,8660,778
2019-10-22 ,7849,779
2019-10-23 ,10130,780
2019-10-24 ,9930,781
2019-10-25 ,9185,782
2019-10-26 ,9946,783
2019-10-27 ,6517,784
2019-10-28 ,9880,785
2019-10-29 ,7840,786
2019-10-30 ,9937,787
2019-10-31 ,9454,788
2019-11-01 ,9762,789
2019-11-02 ,12375,790
2019-11-03 ,7728,791
2019-11-04 ,3992,792
2019-11-05 ,7840,793
2019-11-06 ,11538,794
2019-11-07 ,11864,795
2019-11-08 ,7408,796
2019-11-09 ,9695,797
2019-11-10 ,8793,798
2019-11-11 ,5786,799
2019-11-12 ,7596,800
2019-11-13 ,9210,801
2019-11-14 ,7199,802
2019-11-15 ,11714,803
2019-11-16 ,7493,804
2019-11-17 ,8435,805
2019-11-18 ,11334,806
2019-11-19 ,7853,807
2019-11-20 ,10298,808
2019-11-21 ,6237,809
2019-11-22 ,10069,810
2019-11-23 ,8348,811
2019-11-24 ,7421,812
2019-11-25 ,9466,813
2019-11-26 ,10584,814
2019-11-27 ,10183,815
2019-11-28 ,1401,816
2019-11-29 ,5324,817
2019-11-30 ,5784,818
2019-12-01 ,5875,819
2019-12-02 ,17899,820
2019-12-03 ,13602,821
2019-12-04 ,11023,822
2019-12-05 ,6763,823
2019-12-06 ,5097,824
2019-12-07 ,5996,825
2019-12-08 ,12519,826
2019-12-09 ,6262,827
2019-12-10 ,9683,828
2019-12-11 ,5537,829
2019-12-12 ,9682,830
2019-12-13 ,10261,831
2019-12-14 ,5583,832
2019-12-15 ,3903,833
2019-12-16 ,3803,834
2019-12-17 ,7986,835
2019-12-18 ,16038,836
2019-12-19 ,9797,837
2019-12-20 ,8249,838
2019-12-21 ,9515,839
2019-12-22 ,4087,840
2019-12-23 ,7917,841
2019-12-24 ,2646,842
2019-12-25 ,2760,843
2019-12-26 ,7126,844
2019-12-27 ,8730,845
2019-12-28 ,1040,846
2019-12-29 ,6475,847
2019-12-30 ,4436,848
2019-12-31 ,7003,849
2020-01-01 ,7164,850
2020-01-02 ,1673,851
2020-01-03 ,4780,852
2020-01-04 ,3869,853
2020-01-05 ,7718,854
2020-01-06 ,5102,855
2020-01-07 ,5647,856
2020-01-08 ,7785,857
2020-01-09 ,5741,858
2020-01-10 ,3403,859
2020-01-11 ,8194,860
2020-01-12 ,7392,861
2020-01-13 ,5901,862
2020-01-14 ,5524,863
2020-01-15 ,8957,864
2020-01-16 ,6330,865
2020-01-17 ,6491,866
2020-01-18 ,4562,867
2020-01-19 ,5150,868
2020-01-20 ,7125,869
2020-01-21 ,8588,870
2020-01-22 ,10889,871
2020-01-23 ,19661,872
2020-01-24 ,13568,873
2020-01-25 ,11245,874
2020-01-26 ,6899,875
2020-01-27 ,22086,876
2020-01-28 ,17492,877
2020-01-29 ,20702,878
2020-01-30 ,17424,879
2020-01-31 ,5272,880
2020-02-01 ,7693,881
2020-02-02 ,11173,882
2020-02-03 ,11542,883
2020-02-04 ,5049,884
2020-02-05 ,6720,885
2020-02-06 ,2307,886
2020-02-07 ,4808,887
2020-02-08 ,7297,888
2020-02-09 ,5520,889
2020-02-10 ,2293,890
2020-02-11 ,4501,891
2020-02-12 ,6261,892
2020-02-13 ,3615,893
2020-02-14 ,3144,894
2020-02-15 ,2742,895
2020-02-16 ,8027,896
2020-02-17 ,8505,897
2020-02-18 ,6181,898
2020-02-19 ,5732,899
2020-02-20 ,4742,900
2020-02-21 ,5455,901
2020-02-22 ,4302,902
2020-02-23 ,5692,903
2020-02-24 ,2975,904
2020-02-25 ,2687,905
2020-02-26 ,3025,906
2020-02-27 ,3192,907
2020-02-28 ,1551,908
2020-02-29 ,4210,909
2020-03-01 ,4462,910
2020-03-02 ,3275,911
2020-03-03 ,2497,912
2020-03-04 ,5521,913
2020-03-05 ,11393,914
2020-03-06 ,7221,915
2020-03-07 ,9256,916
2020-03-08 ,6217,917
2020-03-09 ,7696,918
2020-03-10 ,4332,919
2020-03-11 ,9352,920
2020-03-12 ,12616,921
2020-03-13 ,11128,922
2020-03-14 ,3939,923
2020-03-15 ,3794,924
2020-03-16 ,7008,925
2020-03-17 ,5728,926
2020-03-18 ,5239,927
2020-03-19 ,7270,928
2020-03-20 ,1437,929
2020-03-21 ,4599,930
2020-03-22 ,6114,931
2020-03-23 ,8524,932
2020-03-24 ,5860,933
2020-03-25 ,2650,934
2020-03-26 ,4683,935
2020-03-27 ,5691,936
2020-03-28 ,2993,937
2020-03-29 ,7153,938
2020-03-30 ,8056,939
2020-03-31 ,1867,940
2020-04-01 ,8666,941
2020-04-02 ,5204,942
2020-04-03 ,5250,943
2020-04-04 ,11402,944
2020-04-05 ,5783,945
2020-04-06 ,7067,946
2020-04-07 ,7966,947
2020-04-08 ,3822,948
2020-04-09 ,2497,949
2020-04-10 ,10584,950
2020-04-11 ,7440,951
2020-04-12 ,3799,952
2020-04-13 ,5504,953
2020-04-14 ,2629,954
2020-04-15 ,5181,955
2020-04-16 ,8429,956
2020-04-17 ,3470,957
2020-04-18 ,6706,958
2020-04-19 ,5057,959
2020-04-20 ,2838,960
2020-04-21 ,4598,961
2020-04-22 ,5774,962
2020-04-23 ,4607,963
2020-04-24 ,1690,964
2020-04-25 ,4205,965
2020-04-26 ,2165,966
2020-04-27 ,8115,967
2020-04-28 ,7514,968
2020-04-29 ,5253,969
2020-04-30 ,1105,970
2020-05-01 ,2906,971
2020-05-02 ,14358,972
2020-05-03 ,1992,973
2020-05-04 ,7687,974
2020-05-05 ,4164,975
2020-05-06 ,6082,976
2020-05-07 ,11050,977
2020-05-08 ,2987,978
2020-05-09 ,4372,979
2020-05-10 ,11854,980
2020-05-11 ,3147,981
2020-05-12 ,4532,982
2020-05-13 ,6432,983
2020-05-14 ,6406,984
2020-05-15 ,5448,985
2020-05-16 ,9619,986
2020-05-17 ,3055,987
2020-05-18 ,3693,988
2020-05-19 ,3270,989
2020-05-20 ,9725,990
2020-05-21 ,4627,991
2020-05-22 ,3432,992
2020-05-23 ,6720,993
2020-05-24 ,7067,994
2020-05-25 ,5920,995
2020-05-26 ,3698,996
2020-05-27 ,2779,997
2020-05-28 ,6776,998
2020-05-29 ,5711,999
2020-05-30 ,5410,1000
2020-05-31 ,13169,1001
2020-06-01 ,4438,1002
2020-06-02 ,6092,1003
2020-06-03 ,9944,1004
2020-06-04 ,5300,1005
2020-06-05 ,8752,1006
2020-06-06 ,21690,1007
2020-06-07 ,15232,1008
2020-06-08 ,4063,1009
2020-06-09 ,5685,1010
2020-06-10 ,4827,1011
2020-06-11 ,2704,1012
2020-06-12 ,4700,1013
2020-06-13 ,11774,1014
2020-06-14 ,8002,1015
2020-06-15 ,3812,1016
2020-06-16 ,5094,1017
2020-06-17 ,3609,1018
2020-06-18 ,5994,1019
2020-06-19 ,8848,1020
2020-06-20 ,2671,1021
2020-06-21 ,12764,1022
2020-06-22 ,9592,1023
2020-06-23 ,7761,1024
2020-06-24 ,3690,1025
2020-06-25 ,2360,1026
2020-06-26 ,5955,1027
2020-06-27 ,4317,1028
2020-06-28 ,6294,1029
2020-06-29 ,8576,1030
2020-06-30 ,1961,1031
2020-07-01 ,4790,1032
2020-07-02 ,9482,1033
2020-07-03 ,2003,1034
2020-07-04 ,6155,1035
2020-07-05 ,2610,1036
2020-07-06 ,2225,1037
2020-07-07 ,9510,1038
2020-07-08 ,6017,1039
2020-07-09 ,2025,1040
2020-07-10 ,3499,1041
2020-07-11 ,5366,1042
2020-07-12 ,3466,1043
2020-07-13 ,7131,1044
2020-07-14 ,9484,1045
2020-07-15 ,14277,1046
2020-07-16 ,10222,1047
2020-07-17 ,2814,1048
2020-07-18 ,2348,1049
2020-07-19 ,4788,1050
2020-07-20 ,4613,1051
2020-07-21 ,3777,1052
2020-07-22 ,3655,1053
2020-07-23 ,3811,1054
2020-07-24 ,5535,1055
2020-07-25 ,2655,1056
2020-07-26 ,10599,1057
2020-07-27 ,1862,1058
2020-07-28 ,6228,1059
2020-07-29 ,11885,1060
2020-07-30 ,15643,1061
2020-07-31 ,5273,1062
2020-08-01 ,12859,1063
2020-08-02 ,2860,1064
2020-08-03 ,6984,1065
2020-08-04 ,2893,1066
2020-08-05 ,13222,1067
2020-08-06 ,3891,1068
2020-08-07 ,3839,1069
2020-08-08 ,4804,1070
2020-08-09 ,4651,1071
2020-08-10 ,2671,1072
2020-08-11 ,10120,1073
2020-08-12 ,3401,1074
2020-08-13 ,5400,1075
2020-08-14 ,4237,1076
2020-08-15 ,9827,1077
2020-08-16 ,2618,1078
2020-08-17 ,7496,1079
2020-08-18 ,7245,1080
2020-08-19 ,10662,1081
2020-08-20 ,21402,1082
2020-08-21 ,11489,1083
2020-08-22 ,5945,1084
2020-08-23 ,6372,1085
2020-08-24 ,6492,1086
2020-08-25 ,8273,1087
2020-08-26 ,10201,1088
2020-08-27 ,9630,1089
2020-08-28 ,6611,1090
2020-08-29 ,4035,1091
2020-08-30 ,9308,1092
2020-08-31 ,4787,1093
2020-09-01 ,15539,1094
2020-09-02 ,7065,1095
2020-09-03 ,12173,1096
2020-09-04 ,5969,1097
2020-09-05 ,13226,1098
2020-09-06 ,19990,1099
2020-09-07 ,9958,1100
2020-09-08 ,6158,1101
2020-09-09 ,8210,1102
2020-09-10 ,5193,1103
2020-09-11 ,3998,1104
2020-09-12 ,9236,1105
2020-09-13 ,9243,1106
2020-09-14 ,3654,1107
2020-09-15 ,4386,1108
2020-09-16 ,651,1109
2020-09-17 ,5274,1110
2020-09-18 ,2606,1111
2020-09-19 ,7519,1112
2020-09-20 ,15696,1113
2020-09-21 ,9734,1114
2020-09-22 ,4412,1115
2020-09-23 ,6697,1116
2020-09-24 ,3887,1117
2020-09-25 ,5904,1118
2020-09-26 ,12162,1119
2020-09-27 ,10171,1120
2020-09-28 ,1653,1121
2020-09-29 ,8725,1122
2020-09-30 ,5357,1123
2020-10-01 ,4974,1124
2020-10-02 ,5295,1125
2020-10-03 ,23693,1126
2020-10-04 ,12692,1127
2020-10-05 ,8070,1128
2020-10-06 ,5382,1129
2020-10-07 ,2980,1130
2020-10-08 ,5748,1131
2020-10-09 ,2061,1132
2020-10-10 ,11252,1133
2020-10-11 ,2879,1134
2020-10-12 ,9980,1135
2020-10-13 ,6562,1136
2020-10-14 ,10582,1137
2020-10-15 ,8976,1138
2020-10-16 ,4154,1139
2020-10-17 ,16201,1140
2020-10-18 ,6848,1141
2020-10-19 ,10004,1142
2020-10-20 ,5996,1143
2020-10-21 ,7538,1144
2020-10-22 ,8254,1145
2020-10-23 ,7163,1146
2020-10-24 ,17005,1147
2020-10-25 ,6677,1148
2020-10-26 ,6199,1149
2020-10-27 ,7039,1150
2020-10-28 ,5822,1151
2020-10-29 ,8175,1152
2020-10-30 ,5284,1153
2020-10-31 ,6730,1154
2020-11-01 ,3619,1155
2020-11-02 ,6816,1156
2020-11-03 ,6125,1157
2020-11-04 ,2218,1158
2020-11-05 ,6006,1159
2020-11-06 ,4440,1160
2020-11-07 ,11507,1161
2020-11-08 ,12086,1162
2020-11-09 ,6583,1163
2020-11-10 ,3937,1164
2020-11-11 ,3876,1165
2020-11-12 ,6589,1166
2020-11-13 ,11513,1167
2020-11-14 ,10906,1168
2020-11-15 ,7038,1169
2020-11-16 ,4686,1170
2020-11-17 ,1708,1171
2020-11-18 ,7548,1172
2020-11-19 ,6363,1173
2020-11-20 ,7528,1174
2020-11-21 ,6663,1175
2020-11-22 ,8191,1176
2020-11-23 ,3263,1177
2020-11-24 ,6582,1178
2020-11-25 ,10672,1179
2020-11-26 ,9378,1180
2020-11-27 ,3657,1181
2020-11-28 ,15230,1182
2020-11-29 ,7815,1183
2020-11-30 ,7615,1184
2020-12-01 ,6584,1185
2020-12-02 ,6652,1186
2020-12-03 ,3533,1187
2020-12-04 ,2498,1188
2020-12-05 ,8101,1189
2020-12-06 ,4117,1190
2020-12-07 ,4444,1191
2020-12-08 ,3866,1192
2020-12-09 ,6759,1193
2020-12-10 ,9271,1194
2020-12-11 ,4819,1195
2020-12-12 ,13683,1196
2020-12-13 ,10564,1197
2020-12-14 ,22822,1198
2020-12-15 ,10862,1199
2020-12-16 ,13613,1200
2020-12-17 ,6434,1201
2020-12-18 ,3179,1202
2020-12-19 ,6033,1203
2020-12-20 ,5057,1204
2020-12-21 ,5435,1205
2020-12-22 ,3442,1206
2020-12-23 ,3314,1207
2020-12-24 ,3902,1208
2020-12-25 ,4423,1209
2020-12-26 ,13213,1210
2020-12-27 ,8832,1211
2020-12-28 ,3354,1212
2020-12-29 ,2709,1213
2020-12-30 ,2674,1214
2020-12-31 ,12756,1215
2021-01-01 ,2393,1216
2021-01-02 ,9101,1217
2021-01-03 ,2874,1218
2021-01-04 ,2265,1219
2021-01-05 ,2481,1220
2021-01-06 ,2359,1221
2021-01-07 ,9166,1222
2021-01-08 ,5368,1223
2021-01-09 ,5692,1224
2021-01-10 ,6144,1225
2021-01-11 ,2913,1226
2021-01-12 ,2257,1227
2021-01-13 ,5295,1228
2021-01-14 ,589,1229
2021-01-15 ,3661,1230
2021-01-16 ,5189,1231
2021-01-17 ,3210,1232
2021-01-18 ,4013,1233
2021-01-19 ,5667,1234
2021-01-20 ,7333,1235
2021-01-21 ,3382,1236
2021-01-22 ,6659,1237
2021-01-23 ,6488,1238
2021-01-24 ,12313,1239
2021-01-25 ,8213,1240
2021-01-26 ,7707,1241
2021-01-27 ,4035,1242
2021-01-28 ,2154,1243
2021-01-29 ,6402,1244
2021-01-30 ,4310,1245
2021-01-31 ,1317,1246
2021-02-01 ,5365,1247
2021-02-02 ,6918,1248
2021-02-03 ,10402,1249
2021-02-04 ,9663,1250
2021-02-05 ,4221,1251
2021-02-06 ,3099,1252
2021-02-07 ,7213,1253
2021-02-08 ,5974,1254
2021-02-09 ,2635,1255
2021-02-10 ,10122,1256
2021-02-11 ,11552,1257
2021-02-12 ,5784,1258
2021-02-13 ,1359,1259
2021-02-14 ,6252,1260
2021-02-15 ,6473,1261
2021-02-16 ,5059,1262
2021-02-17 ,5418,1263
2021-02-18 ,21033,1264
2021-02-19 ,17021,1265
2021-02-20 ,13618,1266
2021-02-21 ,16515,1267
2021-02-22 ,6456,1268
2021-02-23 ,18965,1269
2021-02-24 ,8134,1270
2021-02-25 ,24162,1271
2021-02-26 ,16108,1272
2021-02-27 ,14965,1273
2021-02-28 ,6834,1274
2021-03-01 ,11667,1275
2021-03-02 ,4329,1276
2021-03-03 ,7374,1277
2021-03-04 ,6574,1278
2021-03-06 ,19081,1280
2021-03-07 ,52555,1281
2021-03-08 ,9473,1282
2021-03-09 ,3962,1283
2021-03-10 ,7140,1284
2021-03-11 ,6083,1285
2021-03-12 ,11108,1286
2021-03-13 ,9227,1287
2021-03-14 ,5472,1288
2021-03-15 ,10702,1289
2021-03-16 ,4218,1290
2021-03-17 ,5689,1291
2021-03-18 ,7362,1292
2021-03-19 ,13604,1293
2021-03-20 ,6222,1294
2021-03-21 ,7203,1295
2021-03-22 ,11340,1296
2021-03-23 ,5827,1297
2021-03-24 ,7579,1298
2021-03-25 ,6076,1299
2021-03-26 ,11267,1300
2021-03-27 ,4876,1301
2021-03-28 ,2253,1302
2021-03-29 ,10407,1303
2021-03-30 ,7226,1304
2021-03-31 ,4642,1305
2021-04-01 ,5332,1306
2021-04-02 ,9181,1307
2021-04-03 ,13549,1308
2021-04-04 ,22691,1309
2021-04-05 ,4966,1310
2021-04-06 ,5424,1311
2021-04-07 ,8351,1312
2021-04-08 ,7204,1313
2021-04-09 ,7848,1314
2021-04-10 ,17303,1315
2021-04-11 ,13933,1316
2021-04-12 ,7860,1317
2021-04-13 ,14967,1318
2021-04-14 ,7086,1319
2021-04-15 ,1619,1320
2021-04-16 ,3984,1321
2021-04-17 ,12705,1322
2021-04-18 ,10557,1323
2021-04-19 ,8337,1324
2021-04-20 ,4294,1325
2021-04-21 ,9060,1326
2021-04-22 ,6533,1327
2021-04-23 ,19176,1328
2021-04-24 ,6388,1329
2021-04-25 ,4335,1330
2021-04-26 ,5741,1331
2021-04-27 ,14150,1332
2021-04-28 ,7392,1333
2021-04-29 ,5212,1334
2021-04-30 ,11976,1335
2021-05-01 ,34282,1336
2021-05-02 ,18018,1337
2021-05-03 ,5894,1338
2021-05-04 ,7930,1339
2021-05-05 ,4416,1340
2021-05-06 ,3755,1341
2021-05-07 ,5487,1342
2021-05-08 ,2218,1343
2021-05-09 ,10251,1344
2021-05-10 ,3124,1345
2021-05-11 ,1834,1346
2021-05-12 ,2909,1347
2021-05-13 ,8172,1348
2021-05-14 ,7039,1349
2021-05-15 ,12897,1350
2021-05-16 ,14743,1351
2021-05-17 ,12581,1352
2021-05-18 ,8892,1353
2021-05-19 ,8698,1354
2021-05-20 ,10904,1355
2021-05-21 ,14494,1356
2021-05-22 ,28433,1357
2021-05-23 ,18752,1358
2021-05-24 ,12970,1359
2021-05-25 ,12016,1360
2021-05-26 ,17627,1361
2021-05-27 ,9619,1362
2021-05-28 ,4769,1363
2021-05-29 ,42629,1364
2021-05-30 ,8494,1365
2021-05-31 ,8143,1366
2021-06-01 ,18136,1367
2021-06-02 ,6679,1368
2021-06-03 ,13559,1369
2021-06-04 ,11804,1370
2021-06-05 ,8154,1371
2021-06-06 ,4476,1372
2021-06-07 ,15728,1373
2021-06-08 ,9174,1374
2021-06-09 ,6059,1375
2021-06-10 ,7354,1376
2021-06-11 ,6666,1377
2021-06-12 ,12219,1378
2021-06-13 ,11413,1379
2021-06-14 ,14410,1380
2021-06-15 ,12868,1381
2021-06-16 ,6605,1382
2021-06-17 ,3758,1383
2021-06-18 ,12554,1384
2021-06-19 ,9996,1385
2021-06-20 ,13580,1386
2021-06-21 ,2824,1387
2021-06-22 ,7006,1388
2021-06-23 ,3965,1389
2021-06-24 ,4881,1390
2021-06-25 ,3423,1391
2021-06-26 ,3412,1392
2021-06-27 ,6997,1393
2021-06-28 ,7729,1394
2021-06-29 ,2783,1395
2021-06-30 ,8753,1396
2021-07-01 ,4002,1397
2021-07-02 ,9941,1398
2021-07-03 ,10861,1399
2021-07-04 ,14210,1400
2021-07-05 ,12081,1401
2021-07-06 ,4448,1402
2021-07-07 ,4686,1403
2021-07-08 ,2213,1404
2021-07-09 ,4132,1405
2021-07-10 ,3553,1406
2021-07-11 ,12496,1407
2021-07-12 ,6191,1408
2021-07-13 ,5690,1409
2021-07-14 ,8709,1410
2021-07-15 ,6105,1411
2021-07-16 ,9072,1412
2021-07-17 ,5183,1413
2021-07-18 ,11810,1414
2021-07-19 ,6141,1415
2021-07-20 ,5696,1416
2021-07-21 ,4889,1417
2021-07-22 ,4839,1418
2021-07-23 ,3970,1419
2021-07-24 ,12572,1420
2021-07-25 ,8962,1421
2021-07-26 ,7314,1422
2021-07-27 ,6829,1423
2021-07-28 ,4781,1424
2021-07-29 ,5109,1425
2021-07-30 ,2369,1426
2021-07-31 ,4905,1427
2021-08-01 ,13625,1428
2021-08-02 ,6822,1429
2021-08-03 ,7642,1430
2021-08-04 ,9978,1431
2021-08-05 ,3816,1432
2021-08-06 ,12630,1433
2021-08-07 ,12389,1434
2021-08-08 ,15566,1435
2021-08-09 ,4301,1436
2021-08-10 ,4067,1437
2021-08-11 ,9367,1438
2021-08-12 ,11187,1439
2021-08-13 ,14456,1440
2021-08-14 ,15833,1441
2021-08-15 ,14164,1442
2021-08-16 ,7385,1443
2021-08-17 ,4923,1444
2021-08-18 ,6820,1445
2021-08-19 ,4138,1446
2021-08-20 ,7122,1447
2021-08-21 ,10724,1448
2021-08-22 ,6064,1449
2021-08-23 ,8676,1450
2021-08-24 ,5160,1451
2021-08-25 ,10781,1452
2021-08-26 ,4000,1453
2021-08-27 ,5110,1454
2021-08-28 ,5787,1455
2021-08-29 ,3366,1456
2021-08-30 ,8445,1457
2021-08-31 ,4060,1458
2021-09-01 ,4411,1459
2021-09-02 ,8574,1460
2021-09-03 ,11002,1461
2021-09-04 ,14092,1462
2021-09-05 ,14001,1463
2021-09-06 ,7058,1464
2021-09-07 ,6749,1465
2021-09-08 ,7015,1466
2021-09-09 ,5336,1467
2021-09-10 ,5224,1468
2021-09-11 ,13270,1469
2021-09-12 ,9738,1470
2021-09-13 ,11297,1471
2021-09-14 ,6736,1472
2021-09-15 ,4881,1473
2021-09-16 ,3497,1474
2021-09-17 ,4133,1475
2021-09-18 ,11850,1476
2021-09-19 ,8880,1477
2021-09-20 ,7785,1478
2021-09-21 ,5480,1479
2021-09-22 ,10617,1480
2021-09-23 ,2946,1481
2021-09-24 ,8909,1482
2021-09-25 ,17422,1483
2021-09-26 ,10642,1484
2021-09-27 ,9361,1485
2021-09-28 ,10141,1486
2021-09-29 ,6568,1487
2021-09-30 ,5739,1488
2021-10-01 ,4189,1489
2021-10-02 ,7307,1490
2021-10-03 ,2876,1491
2021-10-04 ,4841,1492
2021-10-05 ,6430,1493
2021-10-06 ,8636,1494
2021-10-07 ,5446,1495
2021-10-08 ,7972,1496
2021-10-09 ,7467,1497
2021-10-10 ,13918,1498
2021-10-11 ,8653,1499
2021-10-12 ,3608,1500
2021-10-13 ,11881,1501
2021-10-14 ,6780,1502
2021-10-15 ,14536,1503
2021-10-16 ,12971,1504
2021-10-17 ,9713,1505
2021-10-18 ,12528,1506
2021-10-19 ,6827,1507
2021-10-20 ,3596,1508
2021-10-21 ,2915,1509
2021-10-22 ,11402,1510
2021-10-23 ,17065,1511
2021-10-24 ,5361,1512
2021-10-25 ,14646,1513
2021-10-26 ,18152,1514
2021-10-27 ,19644,1515
2021-10-28 ,10262,1516
2021-10-29 ,9989,1517
2021-10-30 ,20972,1518
2021-10-31 ,25590,1519
2021-11-01 ,7145,1520
2021-11-02 ,9853,1521
2021-11-03 ,11067,1522
2021-11-04 ,2924,1523
2021-11-05 ,2302,1524
2021-11-06 ,12301,1525
2021-11-07 ,15501,1526
2021-11-08 ,2921,1527
2021-11-09 ,2856,1528
2021-11-10 ,5621,1529
2021-11-11 ,3155,1530
2021-11-12 ,15571,1531
2021-11-13 ,20754,1532
2021-11-14 ,10965,1533
2021-11-15 ,8709,1534
2021-11-16 ,11052,1535
2021-11-17 ,13896,1536
2021-11-18 ,22166,1537
2021-11-19 ,15916,1538
2021-11-20 ,30457,1539
2021-11-21 ,7006,1540
2021-11-22 ,10133,1541
2021-11-23 ,3233,1542
2021-11-24 ,11201,1543
2021-11-25 ,13383,1544
2021-11-26 ,5842,1545
2021-11-27 ,4955,1546
2021-11-28 ,7897,1547
2021-11-29 ,4800,1548
2021-11-30 ,10251,1549
2021-12-01 ,4380,1550
2021-12-02 ,6112,1551
2021-12-03 ,13452,1552
2021-12-04 ,13592,1553
2021-12-05 ,16714,1554
2021-12-06 ,8290,1555
2021-12-07 ,5995,1556
2021-12-08 ,9436,1557
2021-12-09 ,10733,1558
2021-12-10 ,4550,1559
2021-12-11 ,6704,1560
2021-12-12 ,15687,1561
2021-12-13 ,5903,1562
2021-12-14 ,4948,1563
2021-12-15 ,3772,1564
2021-12-16 ,4567,1565
2021-12-17 ,5932,1566
2021-12-18 ,3952,1567
2021-12-19 ,1696,1568
2021-12-20 ,2847,1569
2021-12-21 ,5915,1570
2021-12-22 ,7209,1571
2021-12-23 ,16103,1572
2021-12-24 ,6158,1573
2021-12-25 ,5759,1574
2021-12-26 ,8974,1575
2021-12-27 ,16479,1576
2021-12-28 ,4438,1577
2021-12-29 ,26338,1578
2021-12-30 ,11333,1579
2021-12-31 ,11249,1580
2022-01-01 ,19780,1581
2022-01-02 ,10196,1582
2022-01-03 ,2378,1583
2022-01-04 ,4337,1584
2022-01-05 ,2642,1585
2022-01-06 ,3285,1586
2022-01-07 ,6513,1587
2022-01-08 ,5537,1588
2022-01-09 ,6440,1589
2022-01-10 ,14480,1590
2022-01-11 ,7888,1591
2022-01-12 ,8389,1592
2022-01-13 ,4109,1593
2022-01-14 ,5704,1594
2022-01-15 ,3149,1595
2022-01-16 ,2796,1596
2022-01-17 ,4375,1597
2022-01-18 ,4055,1598
2022-01-19 ,3504,1599
2022-01-20 ,4110,1600
2022-01-21 ,2359,1601
2022-01-22 ,4976,1602
2022-01-23 ,7491,1603
2022-01-24 ,9528,1604
2022-01-25 ,9721,1605
2022-01-26 ,5573,1606
2022-01-27 ,5386,1607
2022-01-28 ,9381,1608
2022-01-29 ,8585,1609
2022-01-30 ,2902,1610
2022-01-31 ,7320,1611
2022-02-01 ,7092,1612
2022-02-02 ,4887,1613
2022-02-03 ,7393,1614
2022-02-04 ,6216,1615
2022-02-05 ,6776,1616
2022-02-06 ,13563,1617
2022-02-07 ,15369,1618
2022-02-08 ,11496,1619
2022-02-09 ,9283,1620
2022-02-10 ,5657,1621
2022-02-11 ,2121,1622
2022-02-12 ,12220,1623
2022-02-13 ,14330,1624
2022-02-14 ,5727,1625
2022-02-15 ,7934,1626
2022-02-16 ,3611,1627
2022-02-17 ,4380,1628
2022-02-18 ,4437,1629
2022-02-19 ,17430,1630
2022-02-20 ,14160,1631
2022-02-21 ,4886,1632
2022-02-22 ,4276,1633
2022-02-23 ,4345,1634
2022-02-24 ,9459,1635
2022-02-25 ,4811,1636
2022-02-26 ,19476,1637
2022-02-27 ,14106,1638
2022-02-28 ,7625,1639
2022-03-01 ,8268,1640
2022-03-02 ,4838,1641
2022-03-03 ,9141,1642
2022-03-04 ,14678,1643
2022-03-05 ,25405,1644
2022-03-06 ,6649,1645
2022-03-07 ,3315,1646
2022-03-08 ,6048,1647
2022-03-09 ,7337,1648
2022-03-10 ,5919,1649
2022-03-11 ,5569,1650
2022-03-12 ,8127,1651
2022-03-13 ,15235,1652
2022-03-14 ,7566,1653
2022-03-15 ,9259,1654
2022-03-16 ,4999,1655
2022-03-17 ,9103,1656
2022-03-18 ,8546,1657
2022-03-19 ,18918,1658
2022-03-20 ,16724,1659
2022-03-21 ,6342,1660
2022-03-22 ,3134,1661
2022-03-23 ,7137,1662
2022-03-24 ,4159,1663
2022-03-25 ,8079,1664
2022-03-26 ,9618,1665
2022-03-27 ,10438,1666
2022-03-28 ,17690,1667
2022-03-29 ,5215,1668
2022-03-30 ,3693,1669
2022-03-31 ,4975,1670
2022-04-01 ,5081,1671
2022-04-02 ,12678,1672
2022-04-03 ,4184,1673
2022-04-04 ,5577,1674
2022-04-05 ,3870,1675
2022-04-06 ,4696,1676
2022-04-07 ,7601,1677
2022-04-08 ,6114,1678
2022-04-09 ,10332,1679
2022-04-10 ,24422,1680
2022-04-11 ,11879,1681
2022-04-12 ,4003,1682
2022-04-13 ,6160,1683
2022-04-14 ,6576,1684
2022-04-15 ,6179,1685
2022-04-16 ,4126,1686
2022-04-17 ,9551,1687
2022-04-18 ,7560,1688
2022-04-19 ,10407,1689
2022-04-20 ,10590,1690
2022-04-21 ,4983,1691
2022-04-22 ,13417,1692
2022-04-23 ,15435,1693
2022-04-24 ,10121,1694
2022-04-25 ,17526,1695
2022-04-26 ,12100,1696
2022-04-27 ,5222,1697
2022-04-28 ,6305,1698
2022-04-29 ,12112,1699
2022-04-30 ,11778,1700
2022-05-01 ,9581,1701
2022-05-02 ,11229,1702
2022-05-03 ,11236,1703
2022-05-04 ,1137,1704
2022-05-05 ,9271,1705
2022-05-06 ,4846,1706
2022-05-07 ,6380,1707
2022-05-08 ,10142,1708
2022-05-09 ,14293,1709
2022-05-10 ,9076,1710
2022-05-11 ,12091,1711
2022-05-12 ,7864,1712
2022-05-13 ,14246,1713
2022-05-14 ,5644,1714
2022-05-15 ,9983,1715
2022-05-16 ,8075,1716
2022-05-17 ,6106,1717
2022-05-18 ,10513,1718
2022-05-19 ,8904,1719
2022-05-20 ,9541,1720
2022-05-21 ,8415,1721
2022-05-22 ,3049,1722
2022-05-23 ,3553,1723
2022-05-24 ,4140,1724
2022-05-25 ,3476,1725
2022-05-26 ,4511,1726
2022-05-27 ,10938,1727
2022-05-28 ,10344,1728
2022-05-29 ,4113,1729
2022-05-30 ,8333,1730
2022-05-31 ,6124,1731
2022-06-01 ,2295,1732
2022-06-02 ,3778,1733
2022-06-03 ,5108,1734
2022-06-04 ,9924,1735
2022-06-05 ,7516,1736
2022-06-06 ,5639,1737
2022-06-07 ,6284,1738
2022-06-08 ,3729,1739
2022-06-09 ,2792,1740
2022-06-10 ,2189,1741
2022-06-11 ,9115,1742
2022-06-12 ,4951,1743
2022-06-13 ,4637,1744
2022-06-14 ,2714,1745
2022-06-15 ,5343,1746
2022-06-16 ,16923,1747
2022-06-17 ,18736,1748
2022-06-18 ,10995,1749
2022-06-19 ,18101,1750
2022-06-20 ,23418,1751
2022-06-21 ,19857,1752
2022-06-22 ,14352,1753
2022-06-23 ,16158,1754
2022-06-24 ,15946,1755
2022-06-25 ,28709,1756
2022-06-26 ,20127,1757
2022-06-27 ,23461,1758
2022-06-28 ,28625,1759
2022-06-29 ,24751,1760
2022-06-30 ,9969,1761
2022-07-01 ,21565,1762
2022-07-02 ,21339,1763
2022-07-03 ,18630,1764
2022-07-04 ,13796,1765
2022-07-05 ,17911,1766
2022-07-06 ,14347,1767
2022-07-07 ,13336,1768
2022-07-08 ,10576,1769
2022-07-09 ,4807,1770
2022-07-10 ,4478,1771
2022-07-11 ,4792,1772
2022-07-12 ,3977,1773
2022-07-13 ,7348,1774
2022-07-14 ,6829,1775
2022-07-15 ,14767,1776
2022-07-16 ,4373,1777
2022-07-17 ,9541,1778
2022-07-18 ,11837,1779
2022-07-19 ,2719,1780
2022-07-20 ,2646,1781
2022-07-21 ,3305,1782
2022-07-22 ,4670,1783
2022-07-23 ,13876,1784
2022-07-24 ,13758,1785
2022-07-25 ,12397,1786
2022-07-26 ,7217,1787
2022-07-27 ,8280,1788
2022-07-28 ,15735,1789
2022-07-29 ,10189,1790
2022-07-30 ,23474,1791
2022-07-31 ,10399,1792
2022-08-01 ,11784,1793
2022-08-02 ,12816,1794
2022-08-03 ,12614,1795
2022-08-04 ,9317,1796
2022-08-05 ,10677,1797
2022-08-06 ,18128,1798
2022-08-07 ,17633,1799
2022-08-08 ,8115,1800
2022-08-09 ,11186,1801
2022-08-10 ,8807,1802
2022-08-11 ,10463,1803
2022-08-12 ,14370,1804
2022-08-13 ,20674,1805
2022-08-14 ,24288,1806
2022-08-15 ,8366,1807
2022-08-16 ,8549,1808
2022-08-17 ,15742,1809
2022-08-18 ,13371,1810
2022-08-19 ,11433,1811
2022-08-20 ,23366,1812
2022-08-21 ,16908,1813
2022-08-22 ,8653,1814
2022-08-23 ,5598,1815
2022-08-24 ,12660,1816
2022-08-25 ,9609,1817
2022-08-26 ,5722,1818
2022-08-27 ,19758,1819
2022-08-28 ,20476,1820
2022-08-29 ,11397,1821
2022-08-30 ,8021,1822
2022-08-31 ,10452,1823
2022-09-01 ,3003,1824
2022-09-02 ,8408,1825
2022-09-03 ,5780,1826
2022-09-04 ,9627,1827
2022-09-05 ,14572,1828
2022-09-06 ,9339,1829
2022-09-07 ,7770,1830
2022-09-08 ,8358,1831
2022-09-09 ,17812,1832
2022-09-10 ,14956,1833
2022-09-11 ,8989,1834
2022-09-12 ,6626,1835
2022-09-13 ,7950,1836
2022-09-14 ,5813,1837
2022-09-15 ,8851,1838
2022-09-16 ,8777,1839
2022-09-17 ,9633,1840
2022-09-18 ,8353,1841
2022-09-19 ,13233,1842
2022-09-20 ,9541,1843
2022-09-21 ,9116,1844
2022-09-22 ,9312,1845
2022-09-23 ,11623,1846
2022-09-24 ,21656,1847
2022-09-25 ,14172,1848
2022-09-26 ,8078,1849
2022-09-27 ,11521,1850
2022-09-28 ,8586,1851
2022-09-29 ,11593,1852
2022-09-30 ,11263,1853
2022-10-01 ,16770,1854
2022-10-02 ,13125,1855
2022-10-03 ,8512,1856
2022-10-04 ,5311,1857
2022-10-05 ,9624,1858
2022-10-06 ,14365,1859
2022-10-07 ,6261,1860
2022-10-08 ,17784,1861
2022-10-09 ,14288,1862
2022-10-10 ,5222,1863
2022-10-11 ,7602,1864
2022-10-12 ,7008,1865
2022-10-13 ,12250,1866
2022-10-14 ,8827,1867
2022-10-15 ,12944,1868
2022-10-16 ,16784,1869
2022-10-17 ,8658,1870
2022-10-18 ,7176,1871
2022-10-19 ,4772,1872
2022-10-20 ,9074,1873
2022-10-21 ,6544,1874
2022-10-22 ,9210,1875
2022-10-23 ,12138,1876
2022-10-24 ,10477,1877
2022-10-25 ,7148,1878
2022-10-26 ,7818,1879
2022-10-27 ,7985,1880
2022-10-28 ,7183,1881
2022-10-29 ,20514,1882
2022-10-30 ,17395,1883
2022-10-31 ,18964,1884
2022-11-01 ,13557,1885
2022-11-02 ,4727,1886
2022-11-03 ,8829,1887
2022-11-04 ,6544,1888
2022-11-05 ,19304,1889
2022-11-06 ,13319,1890
2022-11-07 ,13631,1891
2022-11-08 ,10702,1892
2022-11-09 ,9222,1893
2022-11-10 ,8877,1894
2022-11-11 ,18250,1895
2022-11-12 ,9460,1896
2022-11-13 ,13470,1897
2022-11-14 ,4745,1898
2022-11-15 ,4926,1899
2022-11-16 ,619,1900
2022-11-17 ,6585,1901
2022-11-18 ,11886,1902
2022-11-19 ,6302,1903
2022-11-20 ,5747,1904
2022-11-21 ,8143,1905
2022-11-22 ,10848,1906
2022-11-23 ,6017,1907
2022-11-24 ,7519,1908
2022-11-25 ,13112,1909
2022-11-26 ,8633,1910
2022-11-27 ,6816,1911
2022-11-28 ,10785,1912
2022-11-29 ,5438,1913
2022-11-30 ,8097,1914
2022-12-01 ,8599,1915
2022-12-02 ,7999,1916
2022-12-03 ,12654,1917
2022-12-04 ,9705,1918
2022-12-05 ,7155,1919
2022-12-06 ,9748,1920
2022-12-07 ,11330,1921
2022-12-08 ,13287,1922
2022-12-09 ,9983,1923
2022-12-10 ,24518,1924
2022-12-11 ,9506,1925
2022-12-12 ,6926,1926
2022-12-13 ,6093,1927
2022-12-14 ,9793,1928
2022-12-15 ,7997,1929
2022-12-16 ,8087,1930
2022-12-17 ,8930,1931
2022-12-18 ,6121,1932
2022-12-19 ,4634,1933
2022-12-20 ,4885,1934
2022-12-21 ,13947,1935
2022-12-22 ,6432,1936
2022-12-23 ,6761,1937
2022-12-24 ,6814,1938
2022-12-25 ,4150,1939
2022-12-26 ,9052,1940
2022-12-27 ,8071,1941
2022-12-28 ,8669,1942
2022-12-29 ,5379,1943
2022-12-30 ,17256,1944
2022-12-31 ,10644,1945
2023-01-01 ,10905,1946
2023-01-02 ,13509,1947
2023-01-03 ,8244,1948
2023-01-04 ,9986,1949
2023-01-05 ,8214,1950
2023-01-06 ,8903,1951
2023-01-07 ,7747,1952
2023-01-08 ,12890,1953
2023-01-09 ,5031,1954
2023-01-10 ,13404,1955
2023-01-11 ,7436,1956
2023-01-12 ,11661,1957
2023-01-13 ,10105,1958
2023-01-14 ,10461,1959
2023-01-15 ,2850,1960
2023-01-16 ,6839,1961
2023-01-17 ,8139,1962
2023-01-18 ,9418,1963
2023-01-19 ,10568,1964
2023-01-20 ,9399,1965
2023-01-21 ,14344,1966
2023-01-22 ,11353,1967
2023-01-23 ,5796,1968
2023-01-24 ,9749,1969
2023-01-25 ,8006,1970
2023-01-26 ,7514,1971
2023-01-27 ,9598,1972
2023-01-28 ,17143,1973
2023-01-29 ,7175,1974
2023-01-30 ,8394,1975
2023-01-31 ,9619,1976
2023-02-01 ,5430,1977
2023-02-02 ,8129,1978
2023-02-03 ,11104,1979
2023-02-04 ,11212,1980
2023-02-05 ,10471,1981
2023-02-06 ,17526,1982
2023-02-07 ,21622,1983
2023-02-08 ,19222,1984
2023-02-09 ,17019,1985
2023-02-10 ,6569,1986
2023-02-11 ,19857,1987
2023-02-12 ,13760,1988
2023-02-13 ,16162,1989
2023-02-14 ,10507,1990
2023-02-15 ,7908,1991
2023-02-16 ,8684,1992
2023-02-17 ,9961,1993
2023-02-18 ,12715,1994
2023-02-19 ,15312,1995
2023-02-20 ,12972,1996
2023-02-21 ,5429,1997
2023-02-22 ,7452,1998
2023-02-23 ,10966,1999
2023-02-24 ,10236,2000
2023-02-25 ,15668,2001
2023-02-26 ,9589,2002
2023-02-27 ,1196,2003
2023-02-28 ,6533,2004
2023-03-01 ,6633,2005
2023-03-02 ,7504,2006
2023-03-03 ,11281,2007
2023-03-04 ,13864,2008
2023-03-05 ,19287,2009
2023-03-06 ,7165,2010
2023-03-07 ,8622,2011
2023-03-08 ,16754,2012
2023-03-09 ,9381,2013
2023-03-10 ,7588,2014
2023-03-11 ,13470,2015
2023-03-12 ,9157,2016
2023-03-13 ,8546,2017
2023-03-14 ,8138,2018
2023-03-15 ,8693,2019
2023-03-16 ,8830,2020
2023-03-17 ,7190,2021
2023-03-18 ,9496,2022
2023-03-19 ,13549,2023
2023-03-20 ,6042,2024
2023-03-21 ,6279,2025
2023-03-22 ,6117,2026
2023-03-23 ,9830,2027
2023-03-24 ,17154,2028
2023-03-25 ,13376,2029
2023-03-26 ,24133,2030
2023-03-27 ,10697,2031
2023-03-28 ,8252,2032
2023-03-29 ,6851,2033
2023-03-30 ,8995,2034
2023-03-31 ,11116,2035
2023-04-01 ,18646,2036
2023-04-02 ,13655,2037
2023-04-03 ,9464,2038
2023-04-04 ,7338,2039
2023-04-05 ,14140,2040
2023-04-06 ,6783,2041
2023-04-07 ,2241,2042
2023-04-08 ,4233,2043
2023-04-09 ,13134,2044
2023-04-10 ,3545,2045
2023-04-11 ,10423,2046
2023-04-12 ,9224,2047
2023-04-13 ,8095,2048
2023-04-14 ,9851,2049
2023-04-15 ,16775,2050
2023-04-16 ,7638,2051
2023-04-17 ,8846,2052
2023-04-18 ,13830,2053
2023-04-19 ,8778,2054
2023-04-20 ,9204,2055
2023-04-21 ,5306,2056
2023-04-22 ,13882,2057
2023-04-23 ,25053,2058
2023-04-24 ,7810,2059
2023-04-25 ,13171,2060
2023-04-26 ,9742,2061
2023-04-27 ,7458,2062
2023-04-28 ,6570,2063
2023-04-29 ,11609,2064
2023-04-30 ,4382,2065
2023-05-01 ,14078,2066
2023-05-02 ,8750,2067
2023-05-03 ,9356,2068
2023-05-04 ,9335,2069
2023-05-05 ,9803,2070
2023-05-06 ,25808,2071
2023-05-07 ,14685,2072
2023-05-08 ,7951,2073
2023-05-09 ,13480,2074
2023-05-10 ,10480,2075
2023-05-11 ,13341,2076
2023-05-12 ,7744,2077
2023-05-13 ,20184,2078
2023-05-14 ,18868,2079
2023-05-15 ,9721,2080
2023-05-16 ,9996,2081
2023-05-17 ,11289,2082
2023-05-18 ,10367,2083
2023-05-19 ,9224,2084
2023-05-20 ,14184,2085
2023-05-21 ,9642,2086
2023-05-22 ,4125,2087
2023-05-23 ,7012,2088
2023-05-24 ,2447,2089
2023-05-25 ,10486,2090
2023-05-26 ,11721,2091
2023-05-27 ,11860,2092
2023-05-28 ,12332,2093
2023-05-29 ,14267,2094
2023-05-30 ,16205,2095
2023-05-31 ,6383,2096
2023-06-01 ,12552,2097
2023-06-02 ,13197,2098
2023-06-03 ,14911,2099
2023-06-04 ,16786,2100
2023-06-05 ,13022,2101
2023-06-06 ,11036,2102
2023-06-07 ,11289,2103
2023-06-08 ,10919,2104
2023-06-09 ,14576,2105
2023-06-10 ,17484,2106
2023-06-11 ,11565,2107
2023-06-12 ,17412,2108
2023-06-13 ,6737,2109
2023-06-14 ,15188,2110
2023-06-15 ,11987,2111
2023-06-16 ,15578,2112
2023-06-17 ,17627,2113
2023-06-18 ,6992,2114
2023-06-19 ,10063,2115
2023-06-20 ,7697,2116
2023-06-21 ,10933,2117
2023-06-22 ,20460,2118
2023-06-23 ,18287,2119
2023-06-24 ,28419,2120
2023-06-25 ,11858,2121
2023-06-26 ,8733,2122
2023-06-27 ,4881,2123
2023-06-28 ,29201,2124
2023-06-29 ,26815,2125
2023-06-30 ,19518,2126
2023-07-01 ,14227,2127
2023-07-02 ,7246,2128
2023-07-03 ,14393,2129
2023-07-04 ,8443,2130
2023-07-05 ,11167,2131
2023-07-06 ,10181,2132
2023-07-07 ,7857,2133
2023-07-08 ,12541,2134
2023-07-09 ,16206,2135
2023-07-10 ,10022,2136
2023-07-11 ,16374,2137
2023-07-12 ,9410,2138
2023-07-13 ,7493,2139
2023-07-14 ,10255,2140
2023-07-15 ,16060,2141
2023-07-16 ,8023,2142
2023-07-17 ,15586,2143
2023-07-18 ,3461,2144
2023-07-19 ,2582,2145
2023-07-20 ,7978,2146
2023-07-21 ,8033,2147
2023-07-22 ,14009,2148
2023-07-23 ,11554,2149
2023-07-24 ,17083,2150
2023-07-25 ,10701,2151
2023-07-26 ,5276,2152
2023-07-27 ,10087,2153
2023-07-28 ,10201,2154
2023-07-29 ,9818,2155
2023-07-30 ,11649,2156
2023-07-31 ,3759,2157
2023-08-01 ,11603,2158
2023-08-02 ,13406,2159
2023-08-03 ,10556,2160
2023-08-04 ,20974,2161
2023-08-05 ,21260,2162
2023-08-06 ,19183,2163
2023-08-07 ,9602,2164
2023-08-08 ,17269,2165
2023-08-09 ,11284,2166
2023-08-10 ,11681,2167
2023-08-11 ,13231,2168
2023-08-12 ,9140,2169
2023-08-13 ,16984,2170
2023-08-14 ,16779,2171
2023-08-15 ,9435,2172
2023-08-16 ,4748,2173
2023-08-17 ,8687,2174
2023-08-18 ,11542,2175
2023-08-19 ,15744,2176
2023-08-20 ,16349,2177
2023-08-21 ,5813,2178
2023-08-22 ,7081,2179
2023-08-23 ,10303,2180
2023-08-24 ,3533,2181
2023-08-25 ,10285,2182
2023-08-26 ,14131,2183
2023-08-27 ,19897,2184
2023-08-28 ,9981,2185
2023-08-29 ,8959,2186
2023-08-30 ,8099,2187
2023-08-31 ,8272,2188
2023-09-01 ,11316,2189
2023-09-02 ,16156,2190
2023-09-03 ,8483,2191
2023-09-04 ,21783,2192
2023-09-05 ,12266,2193
2023-09-06 ,8863,2194
2023-09-07 ,5335,2195
2023-09-08 ,7614,2196
2023-09-09 ,11938,2197
2023-09-10 ,7962,2198
2023-09-11 ,6586,2199
2023-09-12 ,10380,2200
2023-09-13 ,7556,2201
2023-09-14 ,10142,2202
2023-09-15 ,10161,2203
2023-09-16 ,16763,2204
2023-09-17 ,18226,2205
2023-09-18 ,7597,2206
2023-09-19 ,7392,2207
2023-09-20 ,15398,2208
2023-09-21 ,12491,2209
2023-09-22 ,17125,2210
2023-09-23 ,9232,2211
2023-09-24 ,10033,2212
2023-09-25 ,8656,2213
2023-09-26 ,11623,2214
2023-09-27 ,9115,2215
2023-09-28 ,9389,2216
2023-09-29 ,6938,2217
2023-09-30 ,8544,2218
2023-10-01 ,23519,2219
2023-10-02 ,10579,2220
2023-10-03 ,6722,2221
2023-10-04 ,7488,2222
2023-10-05 ,11144,2223
2023-10-06 ,11358,2224
2023-10-07 ,12155,2225
2023-10-08 ,9901,2226
2023-10-09 ,7859,2227
2023-10-10 ,11902,2228
2023-10-11 ,6773,2229
2023-10-12 ,10775,2230
2023-10-13 ,12368,2231
2023-10-14 ,5786,2232
2023-10-15 ,6899,2233
2023-10-16 ,13424,2234
2023-10-17 ,7925,2235
2023-10-18 ,10289,2236
2023-10-19 ,6110,2237
2023-10-20 ,13951,2238
2023-10-21 ,18017,2239
2023-10-22 ,14911,2240
2023-10-23 ,8319,2241
2023-10-24 ,8828,2242
2023-10-25 ,11112,2243
2023-10-26 ,11379,2244
2023-10-27 ,13889,2245
2023-10-28 ,25967,2246
2023-10-29 ,7896,2247
2023-10-30 ,28771,2248
2023-10-31 ,15936,2249
2023-11-01 ,31193,2250
2023-11-02 ,9448,2251
2023-11-03 ,13028,2252
2023-11-04 ,3033,2253
2023-11-05 ,20780,2254
2023-11-06 ,8606,2255
2023-11-07 ,9153,2256
2023-11-08 ,10882,2257
2023-11-09 ,9573,2258
2023-11-10 ,10695,2259
2023-11-11 ,11513,2260
2023-11-12 ,12071,2261
2023-11-13 ,6961,2262
2023-11-14 ,11393,2263
2023-11-15 ,11593,2264
2023-11-16 ,8875,2265
2023-11-17 ,18386,2266
2023-11-18 ,17124,2267
2023-11-19 ,11643,2268
2023-11-20 ,8901,2269
2023-11-21 ,6993,2270
2023-11-22 ,11649,2271
2023-11-23 ,9840,2272
2023-11-24 ,11400,2273
2023-11-25 ,4488,2274
2023-11-26 ,12140,2275
2023-11-27 ,11240,2276
2023-11-28 ,10422,2277
2023-11-29 ,8275,2278
2023-11-30 ,9638,2279
2023-12-01 ,9040,2280
2023-12-02 ,8876,2281
2023-12-03 ,7968,2282
2023-12-04 ,12399,2283
2023-12-05 ,10763,2284
2023-12-06 ,13154,2285
2023-12-07 ,3031,2286
2023-12-08 ,16537,2287
2023-12-09 ,8575,2288
2023-12-10 ,7305,2289
2023-12-11 ,5025,2290
2023-12-12 ,9594,2291
2023-12-13 ,4996,2292
2023-12-14 ,13362,2293
2023-12-15 ,7953,2294
2023-12-16 ,8940,2295
2023-12-17 ,5865,2296
2023-12-18 ,9971,2297
2023-12-19 ,10257,2298
2023-12-20 ,10424,2299
2023-12-21 ,19524,2300
2023-12-22 ,15733,2301
2023-12-23 ,10937,2302
2023-12-24 ,22657,2303
2023-12-25 ,3218,2304
2023-12-26 ,4517,2305
2023-12-27 ,12356,2306
2023-12-28 ,13246,2307
2023-12-29 ,11614,2308
2023-12-30 ,5184,2309
2023-12-31 ,16701,2310
2024-01-01 ,17247,2311
2024-01-02 ,13720,2312
2024-01-03 ,7487,2313
2024-01-04 ,8841,2314
2024-01-05 ,3402,2315
2024-01-06 ,2051,2316
2024-01-07 ,7966,2317
2024-01-08 ,6539,2318
2024-01-09 ,4298,2319
2024-01-10 ,3871,2320
2024-01-11 ,3569,2321
2024-01-12 ,8267,2322
2024-01-13 ,8413,2323
2024-01-14 ,5485,2324
2024-01-15 ,14205,2325
2024-01-16 ,4271,2326
2024-01-17 ,3223,2327
2024-01-18 ,7339,2328
2024-01-19 ,10337,2329
2024-01-20 ,8966,2330
2024-01-21 ,15821,2331
2024-01-22 ,5929,2332
2024-01-23 ,3656,2333
2024-01-24 ,3375,2334
2024-01-25 ,15026,2335
2024-01-26 ,12103,2336
2024-01-27 ,10735,2337
2024-01-28 ,8985,2338
2024-01-29 ,5893,2339
2024-01-30 ,4605,2340
2024-01-31 ,18443,2341
2024-02-01 ,9477,2342
2024-02-02 ,10044,2343
2024-02-03 ,14298,2344
2024-02-04 ,19440,2345
2024-02-05 ,4837,2346
2024-02-06 ,9173,2347
2024-02-07 ,6879,2348
2024-02-08 ,16463,2349
2024-02-09 ,13520,2350
2024-02-10 ,16609,2351
2024-02-11 ,17624,2352
2024-02-12 ,9170,2353
2024-02-13 ,15951,2354
2024-02-14 ,6060,2355
2024-02-15 ,7345,2356
2024-02-16 ,12584,2357
2024-02-17 ,15104,2358
2024-02-18 ,16816,2359
2024-02-19 ,11478,2360
2024-02-20 ,11314,2361
2024-02-21 ,11852,2362
2024-02-22 ,6871,2363
2024-02-23 ,11859,2364
2024-02-24 ,23402,2365
2024-02-25 ,22885,2366
2024-02-26 ,7251,2367
2024-02-27 ,3980,2368
2024-02-28 ,5576,2369
2024-02-29 ,11117,2370
2024-03-01 ,10905,2371
2024-03-02 ,14764,2372
2024-03-03 ,22031,2373
2024-03-04 ,12334,2374
2024-03-05 ,6610,2375
2024-03-06 ,4345,2376
2024-03-07 ,6888,2377
2024-03-08 ,17482,2378
2024-03-09 ,10879,2379
2024-03-10 ,9953,2380
2024-03-11 ,7052,2381
2024-03-12 ,18984,2382
2024-03-13 ,4967,2383
2024-03-14 ,14753,2384
2024-03-15 ,8334,2385
2024-03-16 ,9794,2386
2024-03-17 ,11171,2387
2024-03-18 ,12774,2388
2024-03-19 ,7807,2389
2024-03-20 ,5939,2390
2024-03-21 ,14787,2391
2024-03-22 ,7528,2392
2024-03-23 ,9945,2393
2024-03-24 ,16391,2394
2024-03-25 ,6150,2395
2024-03-26 ,6877,2396
2024-03-27 ,10265,2397
2024-03-28 ,3077,2398
2024-03-29 ,21777,2399
2024-03-30 ,26090,2400
2024-03-31 ,7384,2401
2024-04-01 ,10336,2402
2024-04-02 ,8263,2403
2024-04-03 ,13666,2404
2024-04-04 ,9784,2405
2024-04-05 ,14919,2406
2024-04-06 ,13121,2407
2024-04-07 ,25234,2408
2024-04-08 ,5401,2409
2024-04-09 ,13678,2410
2024-04-10 ,12323,2411
2024-04-11 ,8170,2412
2024-04-12 ,20626,2413
2024-04-13 ,6129,2414
2024-04-14 ,5983,2415
2024-04-15 ,9427,2416
2024-04-16 ,6301,2417
2024-04-17 ,7692,2418
2024-04-18 ,10648,2419
2024-04-19 ,15384,2420
2024-04-20 ,17815,2421
2024-04-21 ,34613,2422
2024-04-22 ,17609,2423
2024-04-23 ,13493,2424
2024-04-24 ,14070,2425
2024-04-25 ,15402,2426
2024-04-26 ,13115,2427
2024-04-27 ,19794,2428
2024-04-28 ,41936,2429
2024-04-29 ,6952,2430
2024-04-30 ,8560,2431
2024-05-01 ,10481,2432
2024-05-02 ,7295,2433
2024-05-03 ,13439,2434
2024-05-04 ,9801,2435
2024-05-05 ,9067,2436
2024-05-06 ,3030,2437
2024-05-07 ,6922,2438
2024-05-08 ,11079,2439
2024-05-09 ,21814,2440
2024-05-10 ,14197,2441
2024-05-11 ,13121,2442
2024-05-12 ,6000,2443
2024-05-13 ,6642,2444
2024-05-14 ,3981,2445
2024-05-15 ,12212,2446
2024-05-16 ,6880,2447
2024-05-17 ,13489,2448
2024-05-18 ,9013,2449
2024-05-19 ,9459,2450
2024-05-20 ,4702,2451
2024-05-21 ,9211,2452
2024-05-22 ,3496,2453
2024-05-23 ,4011,2454
2024-05-24 ,15403,2455
2024-05-25 ,34624,2456
2024-05-26 ,35262,2457
2024-05-27 ,37375,2458
2024-05-28 ,20671,2459
2024-05-29 ,23766,2460
2024-05-30 ,18258,2461
2024-05-31 ,12862,2462
2024-06-01 ,9097,2463
2024-06-02 ,4798,2464
2024-06-03 ,9837,2465
2024-06-04 ,7404,2466
2024-06-05 ,6161,2467
2024-06-06 ,11827,2468
2024-06-07 ,10594,2469
2024-06-08 ,10678,2470
2024-06-09 ,13913,2471
2024-06-10 ,14322,2472
2024-06-11 ,8973,2473
2024-06-12 ,7576,2474
2024-06-13 ,9986,2475
2024-06-14 ,8690,2476
2024-06-15 ,31089,2477
2024-06-16 ,15942,2478
2024-06-17 ,10158,2479
2024-06-18 ,16028,2480
2024-06-19 ,17581,2481
2024-06-20 ,9355,2482
2024-06-21 ,10448,2483
2024-06-22 ,12120,2484
2024-06-23 ,4012,2485
2024-06-24 ,6989,2486
2024-06-25 ,9244,2487
2024-06-26 ,7513,2488
2024-06-27 ,8631,2489
2024-06-28 ,9579,2490
2024-06-29 ,14196,2491
2024-06-30 ,7235,2492
2024-07-01 ,7932,2493
2024-07-02 ,14022,2494
2024-07-03 ,11554,2495
2024-07-04 ,2861,2496
2024-07-05 ,3577,2497
2024-07-06 ,3309,2498
2024-07-07 ,9127,2499
2024-07-08 ,5781,2500
2024-07-09 ,12454,2501
2024-07-10 ,11862,2502
2024-07-11 ,11635,2503
2024-07-12 ,13266,2504
2024-07-13 ,17308,2505
2024-07-14 ,10666,2506
2024-07-15 ,15061,2507
2024-07-16 ,4993,2508
2024-07-17 ,7904,2509
2024-07-18 ,10858,2510
2024-07-19 ,10198,2511
2024-07-20 ,11771,2512
2024-07-21 ,11736,2513
2024-07-22 ,7289,2514
2024-07-23 ,9708,2515
2024-07-24 ,9770,2516
2024-07-25 ,15378,2517
2024-07-26 ,9737,2518
2024-07-27 ,20515,2519
2024-07-28 ,13118,2520
2024-07-29 ,13947,2521
2024-07-30 ,9790,2522
2024-07-31 ,8365,2523
2024-08-01 ,8625,2524
2024-08-02 ,14428,2525
2024-08-03 ,13279,2526
2024-08-04 ,7875,2527
2024-08-05 ,11952,2528
2024-08-06 ,12810,2529
2024-08-07 ,7383,2530
2024-08-08 ,11338,2531
2024-08-09 ,13697,2532
2024-08-10 ,10447,2533
2024-08-11 ,10270,2534
2024-08-12 ,13270,2535
2024-08-13 ,5454,2536